[
{
  "model": "myapp.genre",
  "pk": 8,
  "fields": {
    "name": "przygoda"
  }
},
{
  "model": "myapp.genre",
  "pk": 9,
  "fields": {
    "name": "historia"
  }
},
{
  "model": "myapp.genre",
  "pk": 10,
  "fields": {
    "name": "komedia"
  }
},
{
  "model": "myapp.genre",
  "pk": 11,
  "fields": {
    "name": "akcja"
  }
},
{
  "model": "myapp.book",
  "pk": 3,
  "fields": {
    "title": "Burza",
    "author": "Mickiewicz",
    "price": 14.0,
    "description": "Utwór ten jet częścią zbioru Sonety krymskie.",
    "file": "uploads/Zrzut_ekranu_2024-09-10_o_14.09.31.png",
    "created": "2023-12-19",
    "modified": "2024-09-21",
    "genres": [
      8
    ]
  }
},
{
  "model": "myapp.book",
  "pk": 4,
  "fields": {
    "title": "Cisza morska",
    "author": "Mickiewicz",
    "price": 17.0,
    "description": "Utwór ten jet częścią zbioru Sonety krymskie.",
    "file": "uploads/Zrzut_ekranu_2024-09-10_o_14.09.26.png",
    "created": "2023-12-19",
    "modified": "2024-09-16",
    "genres": [
      9
    ]
  }
},
{
  "model": "myapp.book",
  "pk": 5,
  "fields": {
    "title": "Bajdary",
    "author": "Mickiewicz",
    "price": 20.0,
    "description": "Utwór ten jet częścią zbioru Sonety krymskie.",
    "file": "uploads/Zrzut_ekranu_2024-09-10_o_14.06.57.png",
    "created": "2023-12-19",
    "modified": "2024-09-21",
    "genres": [
      11
    ]
  }
},
{
  "model": "myapp.book",
  "pk": 13,
  "fields": {
    "title": "Dobranoc",
    "author": "Mickiewicz",
    "price": 11.0,
    "description": "W 1829 w wyniku podróży po Rosji opublikował Mickiewicz Sonety (krymskie i odesskie), które w wyrafinowanej klasycystycznej formie opisywały mistyczne poczucie jedności z przyrodą, przeżycie jej jako sacrum.",
    "file": "uploads/Zrzut_ekranu_2024-09-10_o_14.14.42.png",
    "created": "2023-12-21",
    "modified": "2024-09-21",
    "genres": [
      10
    ]
  }
},
{
  "model": "myapp.book",
  "pk": 19,
  "fields": {
    "title": "Grób Potockiej",
    "author": "Mickiewicz",
    "price": 33.0,
    "description": "Utwór jest częścią cyklu Sonety krymskie.",
    "file": "uploads/Zrzut_ekranu_2024-09-10_o_14.11.41.png",
    "created": "2023-12-22",
    "modified": "2024-09-21",
    "genres": [
      9
    ]
  }
},
{
  "model": "myapp.book",
  "pk": 22,
  "fields": {
    "title": "Kazania sejmowe",
    "author": "Skarga",
    "price": 12.0,
    "description": "Zbiór składa się z ośmiu kazań. Autor porusza w nich ważne dla funkcjonowania i przyszłości państwa polskiego tematy polityczne, społeczne i kulturalne.",
    "file": "uploads/Zrzut_ekranu_2024-09-10_o_22.35.28.png",
    "created": "2024-09-10",
    "modified": "2024-09-21",
    "genres": [
      9
    ]
  }
},
{
  "model": "myapp.book",
  "pk": 23,
  "fields": {
    "title": "Żywoty świętych",
    "author": "Skarga",
    "price": 33.0,
    "description": "Żywoty Świętych Starego i Nowego Testamentu słusznie nazywano bestsellerem epoki staropolskiej. Wydane po raz pierwszy w 1579 r., za życia Piotra Skargi doczekały się aż siedmiu edycji.",
    "file": "uploads/Zrzut_ekranu_2024-09-10_o_22.34.17.png",
    "created": "2024-09-10",
    "modified": "2024-09-21",
    "genres": [
      9
    ]
  }
},
{
  "model": "myapp.book",
  "pk": 24,
  "fields": {
    "title": "Bez imienia",
    "author": "Baczynski",
    "price": 22.0,
    "description": "Na czoło, poza typową dla katastrofistów scenerią kosmiczną, wysuwa się kontrast między sielankowym obrazem dzieciństwa – utraconą arkadią spokoju i piękna – a katastrofą, która obróciła ten świat w niwecz. W przeciwieństwie jednak do twórców którzy go inspirowali, był poetą Apokalipsy spełnionej.",
    "file": "uploads/Zrzut_ekranu_2024-09-10_o_13.57.17.png",
    "created": "2024-09-10",
    "modified": "2024-09-21",
    "genres": [
      8
    ]
  }
},
{
  "model": "myapp.book",
  "pk": 25,
  "fields": {
    "title": "Biała magia",
    "author": "Baczynski",
    "price": 20.0,
    "description": "Tragedia pokolenia okupacyjnego, wyboru między walką o wolność ojczyzny a poświęceniem życia twórczości poetyckiej; moralność – etyka – historia – rozważania pojęć poddanych sprawdzianowi wojny; świadectwo czasów wojny; odrealniony świat rzeczywisty, przyroda – dalekie od grozy historii.",
    "file": "uploads/Zrzut_ekranu_2024-09-10_o_13.58.30.png",
    "created": "2024-09-10",
    "modified": "2024-09-21",
    "genres": [
      11
    ]
  }
},
{
  "model": "myapp.book",
  "pk": 26,
  "fields": {
    "title": "Historia",
    "author": "Baczynski",
    "price": 18.0,
    "description": "Na czoło, poza typową dla katastrofistów scenerią kosmiczną, wysuwa się kontrast między sielankowym obrazem dzieciństwa – utraconą arkadią spokoju i piękna – a katastrofą, która obróciła ten świat w niwecz. W przeciwieństwie jednak do twórców którzy go inspirowali, był poetą Apokalipsy spełnionej.",
    "file": "uploads/Zrzut_ekranu_2024-09-10_o_14.02.06.png",
    "created": "2024-09-10",
    "modified": "2024-09-21",
    "genres": [
      9
    ]
  }
},
{
  "model": "myapp.book",
  "pk": 27,
  "fields": {
    "title": "Janko Muzykant",
    "author": "Sienkiewicz",
    "price": 44.0,
    "description": "Akcja toczy się w XIX wieku, w polskiej społeczności, która żyje w zaborze rosyjskim. Głównym przesłaniem w tym utworze jest uświadomienie czytelnikom krzywdzącego ograniczania możliwości kształcenia uzdolnionych dzieci ze względu na ich pochodzenie oraz uświadomienie społeczeństwu roli dworu w rozwijaniu uzdolnień wiejskich dzieci. Autor zwraca uwagę na tragiczne konsekwencje braku oświaty na wsiach i na trudne warunki życia większości narodu polskiego pod zaborami.",
    "file": "uploads/Zrzut_ekranu_2024-09-11_o_10.33.13.png",
    "created": "2024-09-11",
    "modified": "2024-09-22",
    "genres": [
      10
    ]
  }
},
{
  "model": "myapp.book",
  "pk": 28,
  "fields": {
    "title": "Krzyżacy",
    "author": "Sienkiewicz",
    "price": 50.0,
    "description": "Powieść przedstawia dzieje konfliktu polsko-krzyżackiego, a akcja utworu toczy się od 1399 (rok śmierci królowej Jadwigi) do 1410 (bitwa pod Grunwaldem).",
    "file": "uploads/Zrzut_ekranu_2024-09-11_o_10.34.14.png",
    "created": "2024-09-11",
    "modified": "2024-09-21",
    "genres": [
      9
    ]
  }
},
{
  "model": "myapp.book",
  "pk": 29,
  "fields": {
    "title": "Potop",
    "author": "Sienkiewicz",
    "price": 45.0,
    "description": "Potop to druga powieść z tworzących Trylogię Henryka Sienkiewicza. Akcja rozgrywa się w latach 1655–1660, opowiada o najeździe szwedzkim tzw. potopie szwedzkim, na Rzeczpospolitą i ukazuje ostateczne zwycięstwo Polaków. W każdej części Trylogii występuje podobny schemat – motyw miłości, która napotyka na przeszkody. Przeszkody te spowodowane są zarówno względami historycznymi, jak i rywalizacją o względy i rękę panny dwóch konkurentów, z których jeden jest gorącym patriotą, drugi wrogiem ojczyzny.",
    "file": "uploads/Zrzut_ekranu_2024-09-11_o_10.35.06.png",
    "created": "2024-09-11",
    "modified": "2024-09-21",
    "genres": [
      9
    ]
  }
},
{
  "model": "myapp.orderitem",
  "pk": 69,
  "fields": {
    "book": 3,
    "order": 16,
    "quantity": 2
  }
},
{
  "model": "myapp.orderitem",
  "pk": 94,
  "fields": {
    "book": 13,
    "order": 16,
    "quantity": 1
  }
},
{
  "model": "myapp.orderitem",
  "pk": 95,
  "fields": {
    "book": 3,
    "order": 34,
    "quantity": 1
  }
},
{
  "model": "myapp.orderitem",
  "pk": 97,
  "fields": {
    "book": 3,
    "order": 36,
    "quantity": 1
  }
},
{
  "model": "myapp.orderitem",
  "pk": 98,
  "fields": {
    "book": 4,
    "order": 36,
    "quantity": 2
  }
},
{
  "model": "myapp.orderitem",
  "pk": 99,
  "fields": {
    "book": 3,
    "order": 37,
    "quantity": 1
  }
},
{
  "model": "myapp.orderitem",
  "pk": 100,
  "fields": {
    "book": 3,
    "order": 38,
    "quantity": 1
  }
},
{
  "model": "myapp.orderitem",
  "pk": 101,
  "fields": {
    "book": 3,
    "order": 39,
    "quantity": 3
  }
},
{
  "model": "myapp.orderitem",
  "pk": 102,
  "fields": {
    "book": 4,
    "order": 39,
    "quantity": 2
  }
},
{
  "model": "myapp.orderitem",
  "pk": 104,
  "fields": {
    "book": 24,
    "order": 40,
    "quantity": 2
  }
},
{
  "model": "myapp.orderitem",
  "pk": 105,
  "fields": {
    "book": 5,
    "order": 40,
    "quantity": 1
  }
},
{
  "model": "myapp.orderitem",
  "pk": 106,
  "fields": {
    "book": 3,
    "order": 40,
    "quantity": 1
  }
},
{
  "model": "myapp.orderitem",
  "pk": 108,
  "fields": {
    "book": 5,
    "order": 35,
    "quantity": 1
  }
},
{
  "model": "myapp.orderitem",
  "pk": 112,
  "fields": {
    "book": 5,
    "order": 41,
    "quantity": 1
  }
},
{
  "model": "myapp.orderitem",
  "pk": 113,
  "fields": {
    "book": 24,
    "order": 41,
    "quantity": 1
  }
},
{
  "model": "myapp.orderitem",
  "pk": 114,
  "fields": {
    "book": 25,
    "order": 42,
    "quantity": 1
  }
},
{
  "model": "myapp.orderitem",
  "pk": 115,
  "fields": {
    "book": 24,
    "order": 42,
    "quantity": 1
  }
},
{
  "model": "myapp.orderitem",
  "pk": 116,
  "fields": {
    "book": 5,
    "order": 43,
    "quantity": 1
  }
},
{
  "model": "myapp.address",
  "pk": 7,
  "fields": {
    "first_name": "Aga",
    "last_name": "Swiatek",
    "address": "Gdynia",
    "zip_code": "321",
    "country": "PL"
  }
},
{
  "model": "myapp.address",
  "pk": 14,
  "fields": {
    "first_name": "Adminek",
    "last_name": "Ada",
    "address": "Gdansk",
    "zip_code": "12345",
    "country": "Polan"
  }
},
{
  "model": "myapp.address",
  "pk": 15,
  "fields": {
    "first_name": "Raf",
    "last_name": "Win",
    "address": "Fiolkowa",
    "zip_code": "32112",
    "country": "PL"
  }
},
{
  "model": "myapp.address",
  "pk": 16,
  "fields": {
    "first_name": "Adam",
    "last_name": "Nic",
    "address": "Gdynia",
    "zip_code": "12345",
    "country": "PL"
  }
},
{
  "model": "myapp.useraddress",
  "pk": 13,
  "fields": {
    "profile": 2,
    "address": 14
  }
},
{
  "model": "myapp.useraddress",
  "pk": 14,
  "fields": {
    "profile": 3,
    "address": 15
  }
},
{
  "model": "auth.user",
  "fields": {
    "password": "pbkdf2_sha256$870000$MjVtrg9XCSeLTJzsdMnQF1$I41XHCUEr66kQrrL+v0uddQFqSnw7xkSQIdgGcUC8Rk=",
    "last_login": "2024-10-14T21:55:32.272Z",
    "is_superuser": true,
    "username": "rafael",
    "first_name": "",
    "last_name": "",
    "email": "demo@gmail.com",
    "is_staff": true,
    "is_active": true,
    "date_joined": "2023-12-15T13:12:44.277Z",
    "groups": [],
    "user_permissions": []
  }
},
{
  "model": "auth.user",
  "fields": {
    "password": "pbkdf2_sha256$870000$XB5OMHJrf4PHLRTAJXMaY9$w8Ejwv7x3ny5nMIw3vF0F6D58lSCV8X+X5V7DQgmgms=",
    "last_login": "2024-10-03T13:27:40.950Z",
    "is_superuser": false,
    "username": "adminek",
    "first_name": "",
    "last_name": "",
    "email": "",
    "is_staff": false,
    "is_active": true,
    "date_joined": "2024-09-10T11:20:32.212Z",
    "groups": [],
    "user_permissions": []
  }
},
{
  "model": "sessions.session",
  "pk": "0fonm8ztfc6ziri2mnfiq8trkmvde3v2",
  "fields": {
    "session_data": ".eJxVjEEOwiAQRe_C2hCYQiku3XsGMjCDVA0kpV0Z765NutDtf-_9lwi4rSVsnZcwkzgLLU6_W8T04LoDumO9NZlaXZc5yl2RB-3y2oifl8P9OyjYy7d2SkWcOBtCmEyCDMmyVc4kzynGwbAdHWVtDfCowDv0mgbWQBoBlBLvD_AHN7g:1scNqp:iz1ra9QPGtxWODkMbQDwVzeacVKnIfEObCSy1EOYc70",
    "expire_date": "2024-08-23T11:32:07.413Z"
  }
},
{
  "model": "sessions.session",
  "pk": "8zwobz33fc7r197cfvpmb49d6ypm4vwa",
  "fields": {
    "session_data": ".eJxVjDsOwyAQBe9CHSHA_Jwyvc-All0ITiKQjF1FuXtsyUXSvpl5bxZgW0vYelrCTOzKFLv8bhHwmeoB6AH13ji2ui5z5IfCT9r51Ci9bqf7d1Cgl70W6EBRTBaIUMjshEDMUWbprVEjaRwjgDeDsIPXymUC7c3u6mgo2YF9vgpkOLQ:1rNE0o:JMTyypHm-10B0SQPYbhjE9rAcPzEqtspNzW7H85K_OU",
    "expire_date": "2024-01-23T15:27:30.578Z"
  }
},
{
  "model": "sessions.session",
  "pk": "a4drdbx38610cnm2yxopsu4iuznos8w4",
  "fields": {
    "session_data": ".eJxVjMsOwiAQRf-FtSG8QZfu-w1kYAapGkhKuzL-uzbpQrf3nHNfLMK21rgNWuKM7MKkYaffMUF-UNsJ3qHdOs-9rcuc-K7wgw4-daTn9XD_DiqM-q1tQUFSOhvKmTIIS-BScMEnDF4F5cGjUUZLLYgwo87GF4PeUUlGSMneHxBQODs:1srGB0:bA9Fn_Q6xUS9ivEusSiPW06DoiWIMuvVUtW4OYl6xFU",
    "expire_date": "2024-10-03T12:22:26.706Z"
  }
},
{
  "model": "sessions.session",
  "pk": "adwk5fkvz4nw5fn78tp3nromnc1gxoo4",
  "fields": {
    "session_data": "e30:1rVI5h:YkLLq4tGopUE2shtsYrB-wV_6z3ivFyQtOu6e1wclL8",
    "expire_date": "2024-02-14T21:25:53.115Z"
  }
},
{
  "model": "sessions.session",
  "pk": "bad8v4ha1slsaamg1tdh61qcmofbqn4f",
  "fields": {
    "session_data": ".eJxVjEEOwiAQRe_C2hCYQiku3XsGMjCDVA0kpV0Z765NutDtf-_9lwi4rSVsnZcwkzgLLU6_W8T04LoDumO9NZlaXZc5yl2RB-3y2oifl8P9OyjYy7d2SkWcOBtCmEyCDMmyVc4kzynGwbAdHWVtDfCowDv0mgbWQBoBlBLvD_AHN7g:1rL7oQ:RDjI-jAVWLKLzHZxil8R-wq1k94mAp4JRdNc1X-bkMA",
    "expire_date": "2024-01-17T20:26:02.295Z"
  }
},
{
  "model": "sessions.session",
  "pk": "bg6ro09ij49lfutczviawt7bdnwq1wfi",
  "fields": {
    "session_data": ".eJxVjDEOgzAQBP_iOrJ8xodNyvS8Aa3tI5BEIGGoovw9IFEkzRY7s_tWHbZ16LYiSzdmdVWkLr9dRHrKdID8wHSfdZqndRmjPhR90qLbOcvrdrp_BwPKsK8dwE2wnHqSPW2oaisMI7CeyZIE7tkFUxFX5D28cbVFQgMTg49Qny_BJDb8:1ssPEU:gVLj3_j9V0a_QoNrsu-rPfcWn2nrN3Pv9bzHbRlOaOY",
    "expire_date": "2024-10-06T16:14:46.148Z"
  }
},
{
  "model": "sessions.session",
  "pk": "po2pfm25hhi59lnslowv7en0e2f8g7zm",
  "fields": {
    "session_data": ".eJxVjDsOwyAQBe9CHSHA_Jwyvc-All0ITiKQjF1FuXtsyUXSvpl5bxZgW0vYelrCTOzKFLv8bhHwmeoB6AH13ji2ui5z5IfCT9r51Ci9bqf7d1Cgl70W6EBRTBaIUMjshEDMUWbprVEjaRwjgDeDsIPXymUC7c3u6mgo2YF9vgpkOLQ:1rVrdq:Bo3ZY3LnbQG-qlpOOl9KDBmCKe4xnGD9n3csBR5V0nc",
    "expire_date": "2024-02-16T11:23:30.686Z"
  }
},
{
  "model": "sessions.session",
  "pk": "st41pu0hzx71bhe4xwrjj2mq086t6v0k",
  "fields": {
    "session_data": ".eJxVjDsOwyAQBe9CHSHA_Jwyvc-All0ITiKQjF1FuXtsyUXSvpl5bxZgW0vYelrCTOzKFLv8bhHwmeoB6AH13ji2ui5z5IfCT9r51Ci9bqf7d1Cgl70W6EBRTBaIUMjshEDMUWbprVEjaRwjgDeDsIPXymUC7c3u6mgo2YF9vgpkOLQ:1rIyd4:4LTGpNHQEo0reeCiRvMs3NSyXdaO2BoP25-TvQMFJZU",
    "expire_date": "2024-01-11T22:13:26.135Z"
  }
},
{
  "model": "admin.logentry",
  "pk": 1,
  "fields": {
    "action_time": "2023-12-15T13:35:43.468Z",
    "user": [
      "rafael"
    ],
    "content_type": [
      "myapp",
      "book"
    ],
    "object_id": "1",
    "object_repr": "AAA",
    "action_flag": 1,
    "change_message": "[{\"added\": {}}]"
  }
},
{
  "model": "admin.logentry",
  "pk": 2,
  "fields": {
    "action_time": "2023-12-19T18:05:17.416Z",
    "user": [
      "rafael"
    ],
    "content_type": [
      "myapp",
      "book"
    ],
    "object_id": "1",
    "object_repr": "AAA",
    "action_flag": 2,
    "change_message": "[]"
  }
},
{
  "model": "admin.logentry",
  "pk": 3,
  "fields": {
    "action_time": "2023-12-19T18:05:27.443Z",
    "user": [
      "rafael"
    ],
    "content_type": [
      "myapp",
      "book"
    ],
    "object_id": "2",
    "object_repr": "BBB",
    "action_flag": 1,
    "change_message": "[{\"added\": {}}]"
  }
},
{
  "model": "admin.logentry",
  "pk": 4,
  "fields": {
    "action_time": "2023-12-19T20:04:00.937Z",
    "user": [
      "rafael"
    ],
    "content_type": [
      "myapp",
      "book"
    ],
    "object_id": "2",
    "object_repr": "BBB",
    "action_flag": 3,
    "change_message": ""
  }
},
{
  "model": "admin.logentry",
  "pk": 5,
  "fields": {
    "action_time": "2023-12-19T20:04:00.940Z",
    "user": [
      "rafael"
    ],
    "content_type": [
      "myapp",
      "book"
    ],
    "object_id": "1",
    "object_repr": "AAA",
    "action_flag": 3,
    "change_message": ""
  }
},
{
  "model": "admin.logentry",
  "pk": 6,
  "fields": {
    "action_time": "2023-12-19T20:04:11.830Z",
    "user": [
      "rafael"
    ],
    "content_type": [
      "myapp",
      "book"
    ],
    "object_id": "3",
    "object_repr": "AAA",
    "action_flag": 1,
    "change_message": "[{\"added\": {}}]"
  }
},
{
  "model": "admin.logentry",
  "pk": 7,
  "fields": {
    "action_time": "2023-12-19T20:04:22.526Z",
    "user": [
      "rafael"
    ],
    "content_type": [
      "myapp",
      "book"
    ],
    "object_id": "4",
    "object_repr": "BB",
    "action_flag": 1,
    "change_message": "[{\"added\": {}}]"
  }
},
{
  "model": "admin.logentry",
  "pk": 8,
  "fields": {
    "action_time": "2023-12-20T18:08:24.932Z",
    "user": [
      "rafael"
    ],
    "content_type": [
      "myapp",
      "book"
    ],
    "object_id": "6",
    "object_repr": "DDD",
    "action_flag": 2,
    "change_message": "[{\"changed\": {\"fields\": [\"Price\"]}}]"
  }
},
{
  "model": "admin.logentry",
  "pk": 9,
  "fields": {
    "action_time": "2023-12-20T18:08:59.730Z",
    "user": [
      "rafael"
    ],
    "content_type": [
      "myapp",
      "book"
    ],
    "object_id": "5",
    "object_repr": "CC",
    "action_flag": 2,
    "change_message": "[{\"changed\": {\"fields\": [\"Price\"]}}]"
  }
},
{
  "model": "admin.logentry",
  "pk": 10,
  "fields": {
    "action_time": "2023-12-20T18:50:45.637Z",
    "user": [
      "rafael"
    ],
    "content_type": [
      "myapp",
      "book"
    ],
    "object_id": "6",
    "object_repr": "DDD",
    "action_flag": 2,
    "change_message": "[{\"changed\": {\"fields\": [\"Author\"]}}]"
  }
},
{
  "model": "admin.logentry",
  "pk": 11,
  "fields": {
    "action_time": "2023-12-20T18:50:50.995Z",
    "user": [
      "rafael"
    ],
    "content_type": [
      "myapp",
      "book"
    ],
    "object_id": "5",
    "object_repr": "CC",
    "action_flag": 2,
    "change_message": "[{\"changed\": {\"fields\": [\"Author\"]}}]"
  }
},
{
  "model": "admin.logentry",
  "pk": 12,
  "fields": {
    "action_time": "2023-12-20T18:50:58.957Z",
    "user": [
      "rafael"
    ],
    "content_type": [
      "myapp",
      "book"
    ],
    "object_id": "4",
    "object_repr": "BB",
    "action_flag": 2,
    "change_message": "[{\"changed\": {\"fields\": [\"Author\"]}}]"
  }
},
{
  "model": "admin.logentry",
  "pk": 13,
  "fields": {
    "action_time": "2023-12-20T18:51:03.756Z",
    "user": [
      "rafael"
    ],
    "content_type": [
      "myapp",
      "book"
    ],
    "object_id": "3",
    "object_repr": "AAA",
    "action_flag": 2,
    "change_message": "[{\"changed\": {\"fields\": [\"Author\"]}}]"
  }
},
{
  "model": "admin.logentry",
  "pk": 14,
  "fields": {
    "action_time": "2023-12-20T20:19:21.026Z",
    "user": [
      "rafael"
    ],
    "content_type": [
      "myapp",
      "book"
    ],
    "object_id": "3",
    "object_repr": "AAA",
    "action_flag": 2,
    "change_message": "[{\"changed\": {\"fields\": [\"Author\"]}}]"
  }
},
{
  "model": "admin.logentry",
  "pk": 15,
  "fields": {
    "action_time": "2023-12-20T20:19:33.365Z",
    "user": [
      "rafael"
    ],
    "content_type": [
      "myapp",
      "book"
    ],
    "object_id": "5",
    "object_repr": "CC",
    "action_flag": 2,
    "change_message": "[{\"changed\": {\"fields\": [\"Author\"]}}]"
  }
},
{
  "model": "admin.logentry",
  "pk": 16,
  "fields": {
    "action_time": "2023-12-21T18:23:17.154Z",
    "user": [
      "rafael"
    ],
    "content_type": [
      "myapp",
      "book"
    ],
    "object_id": "4",
    "object_repr": "BB",
    "action_flag": 2,
    "change_message": "[{\"changed\": {\"fields\": [\"Price\"]}}]"
  }
},
{
  "model": "admin.logentry",
  "pk": 17,
  "fields": {
    "action_time": "2023-12-21T18:23:50.717Z",
    "user": [
      "rafael"
    ],
    "content_type": [
      "myapp",
      "book"
    ],
    "object_id": "4",
    "object_repr": "BB",
    "action_flag": 2,
    "change_message": "[{\"changed\": {\"fields\": [\"Price\"]}}]"
  }
},
{
  "model": "admin.logentry",
  "pk": 18,
  "fields": {
    "action_time": "2023-12-21T18:52:55.301Z",
    "user": [
      "rafael"
    ],
    "content_type": [
      "myapp",
      "book"
    ],
    "object_id": "8",
    "object_repr": "XX",
    "action_flag": 3,
    "change_message": ""
  }
},
{
  "model": "admin.logentry",
  "pk": 19,
  "fields": {
    "action_time": "2023-12-21T18:52:55.303Z",
    "user": [
      "rafael"
    ],
    "content_type": [
      "myapp",
      "book"
    ],
    "object_id": "7",
    "object_repr": "XX",
    "action_flag": 3,
    "change_message": ""
  }
},
{
  "model": "admin.logentry",
  "pk": 20,
  "fields": {
    "action_time": "2023-12-21T19:01:17.118Z",
    "user": [
      "rafael"
    ],
    "content_type": [
      "myapp",
      "book"
    ],
    "object_id": "10",
    "object_repr": "XYZ",
    "action_flag": 3,
    "change_message": ""
  }
},
{
  "model": "admin.logentry",
  "pk": 21,
  "fields": {
    "action_time": "2023-12-21T19:01:17.120Z",
    "user": [
      "rafael"
    ],
    "content_type": [
      "myapp",
      "book"
    ],
    "object_id": "9",
    "object_repr": "XX",
    "action_flag": 3,
    "change_message": ""
  }
},
{
  "model": "admin.logentry",
  "pk": 22,
  "fields": {
    "action_time": "2023-12-21T19:46:12.756Z",
    "user": [
      "rafael"
    ],
    "content_type": [
      "myapp",
      "book"
    ],
    "object_id": "6",
    "object_repr": "DDD",
    "action_flag": 3,
    "change_message": ""
  }
},
{
  "model": "admin.logentry",
  "pk": 23,
  "fields": {
    "action_time": "2023-12-21T20:10:28.594Z",
    "user": [
      "rafael"
    ],
    "content_type": [
      "myapp",
      "book"
    ],
    "object_id": "12",
    "object_repr": "XYZ",
    "action_flag": 3,
    "change_message": ""
  }
},
{
  "model": "admin.logentry",
  "pk": 24,
  "fields": {
    "action_time": "2023-12-21T20:15:39.722Z",
    "user": [
      "rafael"
    ],
    "content_type": [
      "myapp",
      "book"
    ],
    "object_id": "11",
    "object_repr": "XX",
    "action_flag": 3,
    "change_message": ""
  }
},
{
  "model": "admin.logentry",
  "pk": 25,
  "fields": {
    "action_time": "2023-12-21T21:19:47.521Z",
    "user": [
      "rafael"
    ],
    "content_type": [
      "myapp",
      "book"
    ],
    "object_id": "16",
    "object_repr": "CVX",
    "action_flag": 3,
    "change_message": ""
  }
},
{
  "model": "admin.logentry",
  "pk": 26,
  "fields": {
    "action_time": "2023-12-22T13:37:16.623Z",
    "user": [
      "rafael"
    ],
    "content_type": [
      "myapp",
      "book"
    ],
    "object_id": "17",
    "object_repr": "ZXC",
    "action_flag": 3,
    "change_message": ""
  }
},
{
  "model": "admin.logentry",
  "pk": 27,
  "fields": {
    "action_time": "2023-12-22T13:37:16.626Z",
    "user": [
      "rafael"
    ],
    "content_type": [
      "myapp",
      "book"
    ],
    "object_id": "15",
    "object_repr": "XCZ",
    "action_flag": 3,
    "change_message": ""
  }
},
{
  "model": "admin.logentry",
  "pk": 28,
  "fields": {
    "action_time": "2023-12-22T13:37:16.627Z",
    "user": [
      "rafael"
    ],
    "content_type": [
      "myapp",
      "book"
    ],
    "object_id": "14",
    "object_repr": "XXZa",
    "action_flag": 3,
    "change_message": ""
  }
},
{
  "model": "admin.logentry",
  "pk": 29,
  "fields": {
    "action_time": "2023-12-22T13:57:09.520Z",
    "user": [
      "rafael"
    ],
    "content_type": [
      "myapp",
      "book"
    ],
    "object_id": "18",
    "object_repr": "XCX",
    "action_flag": 3,
    "change_message": ""
  }
},
{
  "model": "admin.logentry",
  "pk": 30,
  "fields": {
    "action_time": "2023-12-22T22:37:15.282Z",
    "user": [
      "rafael"
    ],
    "content_type": [
      "auth",
      "user"
    ],
    "object_id": "2",
    "object_repr": "nacią",
    "action_flag": 1,
    "change_message": "[{\"added\": {}}]"
  }
},
{
  "model": "admin.logentry",
  "pk": 31,
  "fields": {
    "action_time": "2023-12-23T13:03:41.348Z",
    "user": [
      "rafael"
    ],
    "content_type": [
      "auth",
      "user"
    ],
    "object_id": "2",
    "object_repr": "nacia",
    "action_flag": 2,
    "change_message": "[{\"changed\": {\"fields\": [\"Username\"]}}]"
  }
},
{
  "model": "admin.logentry",
  "pk": 32,
  "fields": {
    "action_time": "2024-01-04T16:00:32.128Z",
    "user": [
      "rafael"
    ],
    "content_type": [
      "myapp",
      "order"
    ],
    "object_id": "1",
    "object_repr": "User: nacia, Books: myapp.Book.None",
    "action_flag": 3,
    "change_message": ""
  }
},
{
  "model": "admin.logentry",
  "pk": 33,
  "fields": {
    "action_time": "2024-09-10T10:53:47.045Z",
    "user": [
      "rafael"
    ],
    "content_type": [
      "myapp",
      "book"
    ],
    "object_id": "20",
    "object_repr": "Kazania sejmowe",
    "action_flag": 1,
    "change_message": "[{\"added\": {}}]"
  }
},
{
  "model": "admin.logentry",
  "pk": 34,
  "fields": {
    "action_time": "2024-09-10T10:55:07.850Z",
    "user": [
      "rafael"
    ],
    "content_type": [
      "myapp",
      "book"
    ],
    "object_id": "21",
    "object_repr": "Żywot człowieka poczciwego",
    "action_flag": 1,
    "change_message": "[{\"added\": {}}]"
  }
},
{
  "model": "admin.logentry",
  "pk": 35,
  "fields": {
    "action_time": "2024-09-10T11:12:27.839Z",
    "user": [
      "rafael"
    ],
    "content_type": [
      "myapp",
      "book"
    ],
    "object_id": "21",
    "object_repr": "Żywot człowieka poczciwego",
    "action_flag": 3,
    "change_message": ""
  }
},
{
  "model": "admin.logentry",
  "pk": 36,
  "fields": {
    "action_time": "2024-09-10T11:12:27.839Z",
    "user": [
      "rafael"
    ],
    "content_type": [
      "myapp",
      "book"
    ],
    "object_id": "20",
    "object_repr": "Kazania sejmowe",
    "action_flag": 3,
    "change_message": ""
  }
},
{
  "model": "admin.logentry",
  "pk": 37,
  "fields": {
    "action_time": "2024-09-10T11:19:42.543Z",
    "user": [
      "rafael"
    ],
    "content_type": [
      "auth",
      "user"
    ],
    "object_id": "11",
    "object_repr": "adminek",
    "action_flag": 3,
    "change_message": ""
  }
},
{
  "model": "admin.logentry",
  "pk": 38,
  "fields": {
    "action_time": "2024-09-10T11:19:42.543Z",
    "user": [
      "rafael"
    ],
    "content_type": [
      "auth",
      "user"
    ],
    "object_id": "13",
    "object_repr": "adnim",
    "action_flag": 3,
    "change_message": ""
  }
},
{
  "model": "admin.logentry",
  "pk": 39,
  "fields": {
    "action_time": "2024-09-10T11:19:42.543Z",
    "user": [
      "rafael"
    ],
    "content_type": [
      "auth",
      "user"
    ],
    "object_id": "3",
    "object_repr": "antoni",
    "action_flag": 3,
    "change_message": ""
  }
},
{
  "model": "admin.logentry",
  "pk": 40,
  "fields": {
    "action_time": "2024-09-10T11:19:42.543Z",
    "user": [
      "rafael"
    ],
    "content_type": [
      "auth",
      "user"
    ],
    "object_id": "4",
    "object_repr": "antoni1",
    "action_flag": 3,
    "change_message": ""
  }
},
{
  "model": "admin.logentry",
  "pk": 41,
  "fields": {
    "action_time": "2024-09-10T11:19:42.543Z",
    "user": [
      "rafael"
    ],
    "content_type": [
      "auth",
      "user"
    ],
    "object_id": "6",
    "object_repr": "antoni2",
    "action_flag": 3,
    "change_message": ""
  }
},
{
  "model": "admin.logentry",
  "pk": 42,
  "fields": {
    "action_time": "2024-09-10T11:19:42.543Z",
    "user": [
      "rafael"
    ],
    "content_type": [
      "auth",
      "user"
    ],
    "object_id": "7",
    "object_repr": "antoni4",
    "action_flag": 3,
    "change_message": ""
  }
},
{
  "model": "admin.logentry",
  "pk": 43,
  "fields": {
    "action_time": "2024-09-10T11:19:42.543Z",
    "user": [
      "rafael"
    ],
    "content_type": [
      "auth",
      "user"
    ],
    "object_id": "8",
    "object_repr": "antoni5",
    "action_flag": 3,
    "change_message": ""
  }
},
{
  "model": "admin.logentry",
  "pk": 44,
  "fields": {
    "action_time": "2024-09-10T11:19:42.543Z",
    "user": [
      "rafael"
    ],
    "content_type": [
      "auth",
      "user"
    ],
    "object_id": "9",
    "object_repr": "antoni6",
    "action_flag": 3,
    "change_message": ""
  }
},
{
  "model": "admin.logentry",
  "pk": 45,
  "fields": {
    "action_time": "2024-09-10T11:19:42.543Z",
    "user": [
      "rafael"
    ],
    "content_type": [
      "auth",
      "user"
    ],
    "object_id": "5",
    "object_repr": "dupa",
    "action_flag": 3,
    "change_message": ""
  }
},
{
  "model": "admin.logentry",
  "pk": 46,
  "fields": {
    "action_time": "2024-09-10T11:19:42.543Z",
    "user": [
      "rafael"
    ],
    "content_type": [
      "auth",
      "user"
    ],
    "object_id": "10",
    "object_repr": "pilkarz",
    "action_flag": 3,
    "change_message": ""
  }
},
{
  "model": "admin.logentry",
  "pk": 47,
  "fields": {
    "action_time": "2024-09-10T11:20:04.650Z",
    "user": [
      "rafael"
    ],
    "content_type": [
      "auth",
      "user"
    ],
    "object_id": "12",
    "object_repr": "rafciu",
    "action_flag": 3,
    "change_message": ""
  }
},
{
  "model": "admin.logentry",
  "pk": 48,
  "fields": {
    "action_time": "2024-09-10T11:36:21.828Z",
    "user": [
      "rafael"
    ],
    "content_type": [
      "myapp",
      "book"
    ],
    "object_id": "22",
    "object_repr": "Kazania sejmowe",
    "action_flag": 1,
    "change_message": "[{\"added\": {}}]"
  }
},
{
  "model": "admin.logentry",
  "pk": 49,
  "fields": {
    "action_time": "2024-09-10T11:38:18.886Z",
    "user": [
      "rafael"
    ],
    "content_type": [
      "myapp",
      "book"
    ],
    "object_id": "22",
    "object_repr": "Kazania sejmowe",
    "action_flag": 2,
    "change_message": "[{\"changed\": {\"fields\": [\"Author\"]}}]"
  }
},
{
  "model": "admin.logentry",
  "pk": 50,
  "fields": {
    "action_time": "2024-09-10T11:40:07.177Z",
    "user": [
      "rafael"
    ],
    "content_type": [
      "myapp",
      "book"
    ],
    "object_id": "22",
    "object_repr": "Kazania sejmowe",
    "action_flag": 2,
    "change_message": "[{\"changed\": {\"fields\": [\"Author\"]}}]"
  }
},
{
  "model": "admin.logentry",
  "pk": 51,
  "fields": {
    "action_time": "2024-09-10T11:53:06.624Z",
    "user": [
      "rafael"
    ],
    "content_type": [
      "myapp",
      "book"
    ],
    "object_id": "22",
    "object_repr": "Kazania sejmowe",
    "action_flag": 2,
    "change_message": "[{\"changed\": {\"fields\": [\"Author\"]}}]"
  }
},
{
  "model": "admin.logentry",
  "pk": 52,
  "fields": {
    "action_time": "2024-09-10T11:54:38.009Z",
    "user": [
      "rafael"
    ],
    "content_type": [
      "myapp",
      "book"
    ],
    "object_id": "23",
    "object_repr": "Żywoty świętych",
    "action_flag": 1,
    "change_message": "[{\"added\": {}}]"
  }
},
{
  "model": "admin.logentry",
  "pk": 53,
  "fields": {
    "action_time": "2024-09-10T11:59:11.653Z",
    "user": [
      "rafael"
    ],
    "content_type": [
      "myapp",
      "book"
    ],
    "object_id": "25",
    "object_repr": "Biała magia",
    "action_flag": 2,
    "change_message": "[{\"changed\": {\"fields\": [\"Author\"]}}]"
  }
},
{
  "model": "admin.logentry",
  "pk": 54,
  "fields": {
    "action_time": "2024-09-10T11:59:16.654Z",
    "user": [
      "rafael"
    ],
    "content_type": [
      "myapp",
      "book"
    ],
    "object_id": "24",
    "object_repr": "Bez imienia",
    "action_flag": 2,
    "change_message": "[{\"changed\": {\"fields\": [\"Author\"]}}]"
  }
},
{
  "model": "admin.logentry",
  "pk": 55,
  "fields": {
    "action_time": "2024-09-10T12:13:40.550Z",
    "user": [
      "rafael"
    ],
    "content_type": [
      "myapp",
      "book"
    ],
    "object_id": "19",
    "object_repr": "Grób Potockiej",
    "action_flag": 2,
    "change_message": "[{\"changed\": {\"fields\": [\"File\"]}}]"
  }
},
{
  "model": "admin.logentry",
  "pk": 56,
  "fields": {
    "action_time": "2024-09-10T12:14:52.204Z",
    "user": [
      "rafael"
    ],
    "content_type": [
      "myapp",
      "book"
    ],
    "object_id": "13",
    "object_repr": "Dobranoc",
    "action_flag": 2,
    "change_message": "[{\"changed\": {\"fields\": [\"File\"]}}]"
  }
},
{
  "model": "admin.logentry",
  "pk": 57,
  "fields": {
    "action_time": "2024-09-10T12:15:05.682Z",
    "user": [
      "rafael"
    ],
    "content_type": [
      "myapp",
      "book"
    ],
    "object_id": "5",
    "object_repr": "Bajdary",
    "action_flag": 2,
    "change_message": "[{\"changed\": {\"fields\": [\"File\"]}}]"
  }
},
{
  "model": "admin.logentry",
  "pk": 58,
  "fields": {
    "action_time": "2024-09-10T12:15:27.044Z",
    "user": [
      "rafael"
    ],
    "content_type": [
      "myapp",
      "book"
    ],
    "object_id": "4",
    "object_repr": "Cisza morska",
    "action_flag": 2,
    "change_message": "[{\"changed\": {\"fields\": [\"File\"]}}]"
  }
},
{
  "model": "admin.logentry",
  "pk": 59,
  "fields": {
    "action_time": "2024-09-10T12:15:39.517Z",
    "user": [
      "rafael"
    ],
    "content_type": [
      "myapp",
      "book"
    ],
    "object_id": "3",
    "object_repr": "Burza",
    "action_flag": 2,
    "change_message": "[{\"changed\": {\"fields\": [\"File\"]}}]"
  }
},
{
  "model": "admin.logentry",
  "pk": 60,
  "fields": {
    "action_time": "2024-09-10T20:32:58.081Z",
    "user": [
      "rafael"
    ],
    "content_type": [
      "myapp",
      "book"
    ],
    "object_id": "22",
    "object_repr": "Kazania sejmowe",
    "action_flag": 2,
    "change_message": "[{\"changed\": {\"fields\": [\"File\"]}}]"
  }
},
{
  "model": "admin.logentry",
  "pk": 61,
  "fields": {
    "action_time": "2024-09-10T20:33:29.871Z",
    "user": [
      "rafael"
    ],
    "content_type": [
      "myapp",
      "book"
    ],
    "object_id": "23",
    "object_repr": "Żywoty świętych",
    "action_flag": 2,
    "change_message": "[{\"changed\": {\"fields\": [\"File\"]}}]"
  }
},
{
  "model": "admin.logentry",
  "pk": 62,
  "fields": {
    "action_time": "2024-09-10T20:34:26.919Z",
    "user": [
      "rafael"
    ],
    "content_type": [
      "myapp",
      "book"
    ],
    "object_id": "23",
    "object_repr": "Żywoty świętych",
    "action_flag": 2,
    "change_message": "[{\"changed\": {\"fields\": [\"File\"]}}]"
  }
},
{
  "model": "admin.logentry",
  "pk": 63,
  "fields": {
    "action_time": "2024-09-10T20:34:46.164Z",
    "user": [
      "rafael"
    ],
    "content_type": [
      "myapp",
      "book"
    ],
    "object_id": "22",
    "object_repr": "Kazania sejmowe",
    "action_flag": 2,
    "change_message": "[{\"changed\": {\"fields\": [\"File\"]}}]"
  }
},
{
  "model": "admin.logentry",
  "pk": 64,
  "fields": {
    "action_time": "2024-09-10T20:35:38.401Z",
    "user": [
      "rafael"
    ],
    "content_type": [
      "myapp",
      "book"
    ],
    "object_id": "22",
    "object_repr": "Kazania sejmowe",
    "action_flag": 2,
    "change_message": "[{\"changed\": {\"fields\": [\"File\"]}}]"
  }
},
{
  "model": "admin.logentry",
  "pk": 65,
  "fields": {
    "action_time": "2024-09-11T08:33:30.926Z",
    "user": [
      "rafael"
    ],
    "content_type": [
      "myapp",
      "book"
    ],
    "object_id": "27",
    "object_repr": "Janko Muzykant",
    "action_flag": 1,
    "change_message": "[{\"added\": {}}]"
  }
},
{
  "model": "admin.logentry",
  "pk": 66,
  "fields": {
    "action_time": "2024-09-11T08:34:25.449Z",
    "user": [
      "rafael"
    ],
    "content_type": [
      "myapp",
      "book"
    ],
    "object_id": "28",
    "object_repr": "Krzyżacy",
    "action_flag": 1,
    "change_message": "[{\"added\": {}}]"
  }
},
{
  "model": "admin.logentry",
  "pk": 67,
  "fields": {
    "action_time": "2024-09-11T08:35:16.043Z",
    "user": [
      "rafael"
    ],
    "content_type": [
      "myapp",
      "book"
    ],
    "object_id": "29",
    "object_repr": "Potop",
    "action_flag": 1,
    "change_message": "[{\"added\": {}}]"
  }
},
{
  "model": "admin.logentry",
  "pk": 68,
  "fields": {
    "action_time": "2024-09-16T12:42:57.612Z",
    "user": [
      "rafael"
    ],
    "content_type": [
      "myapp",
      "genre"
    ],
    "object_id": "1",
    "object_repr": "przygoda",
    "action_flag": 1,
    "change_message": "[{\"added\": {}}]"
  }
},
{
  "model": "admin.logentry",
  "pk": 69,
  "fields": {
    "action_time": "2024-09-16T12:43:04.587Z",
    "user": [
      "rafael"
    ],
    "content_type": [
      "myapp",
      "genre"
    ],
    "object_id": "2",
    "object_repr": "historia",
    "action_flag": 1,
    "change_message": "[{\"added\": {}}]"
  }
},
{
  "model": "admin.logentry",
  "pk": 70,
  "fields": {
    "action_time": "2024-09-16T12:43:39.277Z",
    "user": [
      "rafael"
    ],
    "content_type": [
      "myapp",
      "genre"
    ],
    "object_id": "1",
    "object_repr": "przygoda",
    "action_flag": 3,
    "change_message": ""
  }
},
{
  "model": "admin.logentry",
  "pk": 71,
  "fields": {
    "action_time": "2024-09-16T12:43:52.590Z",
    "user": [
      "rafael"
    ],
    "content_type": [
      "myapp",
      "genre"
    ],
    "object_id": "2",
    "object_repr": "historia",
    "action_flag": 3,
    "change_message": ""
  }
},
{
  "model": "admin.logentry",
  "pk": 72,
  "fields": {
    "action_time": "2024-09-16T12:44:11.297Z",
    "user": [
      "rafael"
    ],
    "content_type": [
      "myapp",
      "genre"
    ],
    "object_id": "3",
    "object_repr": "historia",
    "action_flag": 1,
    "change_message": "[{\"added\": {}}]"
  }
},
{
  "model": "admin.logentry",
  "pk": 73,
  "fields": {
    "action_time": "2024-09-16T12:44:12.623Z",
    "user": [
      "rafael"
    ],
    "content_type": [
      "myapp",
      "book"
    ],
    "object_id": "29",
    "object_repr": "Potop",
    "action_flag": 2,
    "change_message": "[{\"changed\": {\"fields\": [\"Genres\"]}}]"
  }
},
{
  "model": "admin.logentry",
  "pk": 74,
  "fields": {
    "action_time": "2024-09-16T12:48:41.418Z",
    "user": [
      "rafael"
    ],
    "content_type": [
      "myapp",
      "genre"
    ],
    "object_id": "3",
    "object_repr": "historia",
    "action_flag": 3,
    "change_message": ""
  }
},
{
  "model": "admin.logentry",
  "pk": 75,
  "fields": {
    "action_time": "2024-09-16T13:44:54.266Z",
    "user": [
      "rafael"
    ],
    "content_type": [
      "myapp",
      "genre"
    ],
    "object_id": "1",
    "object_repr": "akcja",
    "action_flag": 1,
    "change_message": "[{\"added\": {}}]"
  }
},
{
  "model": "admin.logentry",
  "pk": 76,
  "fields": {
    "action_time": "2024-09-16T13:45:13.039Z",
    "user": [
      "rafael"
    ],
    "content_type": [
      "myapp",
      "genre"
    ],
    "object_id": "1",
    "object_repr": "akcja",
    "action_flag": 3,
    "change_message": ""
  }
},
{
  "model": "admin.logentry",
  "pk": 77,
  "fields": {
    "action_time": "2024-09-16T13:45:20.928Z",
    "user": [
      "rafael"
    ],
    "content_type": [
      "myapp",
      "genre"
    ],
    "object_id": "2",
    "object_repr": "akcja",
    "action_flag": 1,
    "change_message": "[{\"added\": {}}]"
  }
},
{
  "model": "admin.logentry",
  "pk": 78,
  "fields": {
    "action_time": "2024-09-16T13:45:23.921Z",
    "user": [
      "rafael"
    ],
    "content_type": [
      "myapp",
      "genre"
    ],
    "object_id": "3",
    "object_repr": "przygoda",
    "action_flag": 1,
    "change_message": "[{\"added\": {}}]"
  }
},
{
  "model": "admin.logentry",
  "pk": 79,
  "fields": {
    "action_time": "2024-09-16T13:45:27.085Z",
    "user": [
      "rafael"
    ],
    "content_type": [
      "myapp",
      "genre"
    ],
    "object_id": "4",
    "object_repr": "historia",
    "action_flag": 1,
    "change_message": "[{\"added\": {}}]"
  }
},
{
  "model": "admin.logentry",
  "pk": 80,
  "fields": {
    "action_time": "2024-09-16T13:45:30.437Z",
    "user": [
      "rafael"
    ],
    "content_type": [
      "myapp",
      "genre"
    ],
    "object_id": "5",
    "object_repr": "komedia",
    "action_flag": 1,
    "change_message": "[{\"added\": {}}]"
  }
},
{
  "model": "admin.logentry",
  "pk": 81,
  "fields": {
    "action_time": "2024-09-16T13:45:53.019Z",
    "user": [
      "rafael"
    ],
    "content_type": [
      "myapp",
      "book"
    ],
    "object_id": "26",
    "object_repr": "Historia",
    "action_flag": 2,
    "change_message": "[{\"changed\": {\"fields\": [\"Genres\"]}}]"
  }
},
{
  "model": "admin.logentry",
  "pk": 82,
  "fields": {
    "action_time": "2024-09-16T13:48:45.959Z",
    "user": [
      "rafael"
    ],
    "content_type": [
      "myapp",
      "genre"
    ],
    "object_id": "6",
    "object_repr": "akcja",
    "action_flag": 1,
    "change_message": "[{\"added\": {}}]"
  }
},
{
  "model": "admin.logentry",
  "pk": 83,
  "fields": {
    "action_time": "2024-09-16T13:48:48.299Z",
    "user": [
      "rafael"
    ],
    "content_type": [
      "myapp",
      "book"
    ],
    "object_id": "29",
    "object_repr": "Potop",
    "action_flag": 2,
    "change_message": "[{\"changed\": {\"fields\": [\"Genres\"]}}]"
  }
},
{
  "model": "admin.logentry",
  "pk": 84,
  "fields": {
    "action_time": "2024-09-16T14:29:01.136Z",
    "user": [
      "rafael"
    ],
    "content_type": [
      "myapp",
      "genre"
    ],
    "object_id": "2",
    "object_repr": "akcja",
    "action_flag": 3,
    "change_message": ""
  }
},
{
  "model": "admin.logentry",
  "pk": 85,
  "fields": {
    "action_time": "2024-09-16T14:30:15.492Z",
    "user": [
      "rafael"
    ],
    "content_type": [
      "myapp",
      "book"
    ],
    "object_id": "25",
    "object_repr": "Biała magia",
    "action_flag": 2,
    "change_message": "[]"
  }
},
{
  "model": "admin.logentry",
  "pk": 86,
  "fields": {
    "action_time": "2024-09-16T14:35:19.505Z",
    "user": [
      "rafael"
    ],
    "content_type": [
      "myapp",
      "genre"
    ],
    "object_id": "6",
    "object_repr": "akcja",
    "action_flag": 3,
    "change_message": ""
  }
},
{
  "model": "admin.logentry",
  "pk": 87,
  "fields": {
    "action_time": "2024-09-16T14:35:19.505Z",
    "user": [
      "rafael"
    ],
    "content_type": [
      "myapp",
      "genre"
    ],
    "object_id": "5",
    "object_repr": "komedia",
    "action_flag": 3,
    "change_message": ""
  }
},
{
  "model": "admin.logentry",
  "pk": 88,
  "fields": {
    "action_time": "2024-09-16T14:35:19.505Z",
    "user": [
      "rafael"
    ],
    "content_type": [
      "myapp",
      "genre"
    ],
    "object_id": "4",
    "object_repr": "historia",
    "action_flag": 3,
    "change_message": ""
  }
},
{
  "model": "admin.logentry",
  "pk": 89,
  "fields": {
    "action_time": "2024-09-16T14:35:19.505Z",
    "user": [
      "rafael"
    ],
    "content_type": [
      "myapp",
      "genre"
    ],
    "object_id": "3",
    "object_repr": "przygoda",
    "action_flag": 3,
    "change_message": ""
  }
},
{
  "model": "admin.logentry",
  "pk": 90,
  "fields": {
    "action_time": "2024-09-16T14:35:30.549Z",
    "user": [
      "rafael"
    ],
    "content_type": [
      "myapp",
      "genre"
    ],
    "object_id": "7",
    "object_repr": "akcja",
    "action_flag": 1,
    "change_message": "[{\"added\": {}}]"
  }
},
{
  "model": "admin.logentry",
  "pk": 91,
  "fields": {
    "action_time": "2024-09-16T14:35:37.629Z",
    "user": [
      "rafael"
    ],
    "content_type": [
      "myapp",
      "book"
    ],
    "object_id": "30",
    "object_repr": "sdfsdfsdfs",
    "action_flag": 1,
    "change_message": "[{\"added\": {}}]"
  }
},
{
  "model": "admin.logentry",
  "pk": 92,
  "fields": {
    "action_time": "2024-09-16T15:20:14.166Z",
    "user": [
      "rafael"
    ],
    "content_type": [
      "myapp",
      "book"
    ],
    "object_id": "25",
    "object_repr": "Biała magia",
    "action_flag": 2,
    "change_message": "[{\"changed\": {\"fields\": [\"Genres\"]}}]"
  }
},
{
  "model": "admin.logentry",
  "pk": 93,
  "fields": {
    "action_time": "2024-09-16T15:20:20.668Z",
    "user": [
      "rafael"
    ],
    "content_type": [
      "myapp",
      "genre"
    ],
    "object_id": "8",
    "object_repr": "przygoda",
    "action_flag": 1,
    "change_message": "[{\"added\": {}}]"
  }
},
{
  "model": "admin.logentry",
  "pk": 94,
  "fields": {
    "action_time": "2024-09-16T15:20:22.202Z",
    "user": [
      "rafael"
    ],
    "content_type": [
      "myapp",
      "book"
    ],
    "object_id": "23",
    "object_repr": "Żywoty świętych",
    "action_flag": 2,
    "change_message": "[{\"changed\": {\"fields\": [\"Genres\"]}}]"
  }
},
{
  "model": "admin.logentry",
  "pk": 95,
  "fields": {
    "action_time": "2024-09-16T15:20:52.269Z",
    "user": [
      "rafael"
    ],
    "content_type": [
      "myapp",
      "genre"
    ],
    "object_id": "9",
    "object_repr": "historia",
    "action_flag": 1,
    "change_message": "[{\"added\": {}}]"
  }
},
{
  "model": "admin.logentry",
  "pk": 96,
  "fields": {
    "action_time": "2024-09-16T15:20:54.453Z",
    "user": [
      "rafael"
    ],
    "content_type": [
      "myapp",
      "book"
    ],
    "object_id": "4",
    "object_repr": "Cisza morska",
    "action_flag": 2,
    "change_message": "[{\"changed\": {\"fields\": [\"Genres\"]}}]"
  }
},
{
  "model": "admin.logentry",
  "pk": 97,
  "fields": {
    "action_time": "2024-09-16T15:34:37.633Z",
    "user": [
      "rafael"
    ],
    "content_type": [
      "myapp",
      "book"
    ],
    "object_id": "27",
    "object_repr": "Janko Muzykant",
    "action_flag": 2,
    "change_message": "[{\"changed\": {\"fields\": [\"Genres\"]}}]"
  }
},
{
  "model": "admin.logentry",
  "pk": 98,
  "fields": {
    "action_time": "2024-09-16T15:39:44.033Z",
    "user": [
      "rafael"
    ],
    "content_type": [
      "myapp",
      "genre"
    ],
    "object_id": "10",
    "object_repr": "komedia",
    "action_flag": 1,
    "change_message": "[{\"added\": {}}]"
  }
},
{
  "model": "admin.logentry",
  "pk": 99,
  "fields": {
    "action_time": "2024-09-16T15:44:09.499Z",
    "user": [
      "rafael"
    ],
    "content_type": [
      "myapp",
      "genre"
    ],
    "object_id": "11",
    "object_repr": "akcja",
    "action_flag": 1,
    "change_message": "[{\"added\": {}}]"
  }
},
{
  "model": "admin.logentry",
  "pk": 100,
  "fields": {
    "action_time": "2024-09-16T15:44:25.081Z",
    "user": [
      "rafael"
    ],
    "content_type": [
      "myapp",
      "genre"
    ],
    "object_id": "7",
    "object_repr": "akcja",
    "action_flag": 3,
    "change_message": ""
  }
},
{
  "model": "admin.logentry",
  "pk": 101,
  "fields": {
    "action_time": "2024-09-16T16:28:02.952Z",
    "user": [
      "rafael"
    ],
    "content_type": [
      "myapp",
      "book"
    ],
    "object_id": "30",
    "object_repr": "sdfsdfsdfs",
    "action_flag": 3,
    "change_message": ""
  }
},
{
  "model": "admin.logentry",
  "pk": 102,
  "fields": {
    "action_time": "2024-09-16T16:29:00.657Z",
    "user": [
      "rafael"
    ],
    "content_type": [
      "myapp",
      "book"
    ],
    "object_id": "25",
    "object_repr": "Biała magia",
    "action_flag": 2,
    "change_message": "[{\"changed\": {\"fields\": [\"Genres\"]}}]"
  }
},
{
  "model": "admin.logentry",
  "pk": 103,
  "fields": {
    "action_time": "2024-09-21T18:31:51.453Z",
    "user": [
      "rafael"
    ],
    "content_type": [
      "myapp",
      "book"
    ],
    "object_id": "29",
    "object_repr": "Potop",
    "action_flag": 2,
    "change_message": "[{\"changed\": {\"fields\": [\"Genres\"]}}]"
  }
},
{
  "model": "admin.logentry",
  "pk": 104,
  "fields": {
    "action_time": "2024-09-21T18:31:57.413Z",
    "user": [
      "rafael"
    ],
    "content_type": [
      "myapp",
      "book"
    ],
    "object_id": "28",
    "object_repr": "Krzyżacy",
    "action_flag": 2,
    "change_message": "[{\"changed\": {\"fields\": [\"Genres\"]}}]"
  }
},
{
  "model": "admin.logentry",
  "pk": 105,
  "fields": {
    "action_time": "2024-09-21T18:32:09.267Z",
    "user": [
      "rafael"
    ],
    "content_type": [
      "myapp",
      "book"
    ],
    "object_id": "27",
    "object_repr": "Janko Muzykant",
    "action_flag": 2,
    "change_message": "[{\"changed\": {\"fields\": [\"Genres\"]}}]"
  }
},
{
  "model": "admin.logentry",
  "pk": 106,
  "fields": {
    "action_time": "2024-09-21T18:32:15.157Z",
    "user": [
      "rafael"
    ],
    "content_type": [
      "myapp",
      "book"
    ],
    "object_id": "26",
    "object_repr": "Historia",
    "action_flag": 2,
    "change_message": "[{\"changed\": {\"fields\": [\"Genres\"]}}]"
  }
},
{
  "model": "admin.logentry",
  "pk": 107,
  "fields": {
    "action_time": "2024-09-21T18:32:22.816Z",
    "user": [
      "rafael"
    ],
    "content_type": [
      "myapp",
      "book"
    ],
    "object_id": "25",
    "object_repr": "Biała magia",
    "action_flag": 2,
    "change_message": "[{\"changed\": {\"fields\": [\"Genres\"]}}]"
  }
},
{
  "model": "admin.logentry",
  "pk": 108,
  "fields": {
    "action_time": "2024-09-21T18:32:26.718Z",
    "user": [
      "rafael"
    ],
    "content_type": [
      "myapp",
      "book"
    ],
    "object_id": "24",
    "object_repr": "Bez imienia",
    "action_flag": 2,
    "change_message": "[{\"changed\": {\"fields\": [\"Genres\"]}}]"
  }
},
{
  "model": "admin.logentry",
  "pk": 109,
  "fields": {
    "action_time": "2024-09-21T18:32:31.506Z",
    "user": [
      "rafael"
    ],
    "content_type": [
      "myapp",
      "book"
    ],
    "object_id": "23",
    "object_repr": "Żywoty świętych",
    "action_flag": 2,
    "change_message": "[{\"changed\": {\"fields\": [\"Genres\"]}}]"
  }
},
{
  "model": "admin.logentry",
  "pk": 110,
  "fields": {
    "action_time": "2024-09-21T18:32:35.572Z",
    "user": [
      "rafael"
    ],
    "content_type": [
      "myapp",
      "book"
    ],
    "object_id": "22",
    "object_repr": "Kazania sejmowe",
    "action_flag": 2,
    "change_message": "[{\"changed\": {\"fields\": [\"Genres\"]}}]"
  }
},
{
  "model": "admin.logentry",
  "pk": 111,
  "fields": {
    "action_time": "2024-09-21T18:32:38.712Z",
    "user": [
      "rafael"
    ],
    "content_type": [
      "myapp",
      "book"
    ],
    "object_id": "19",
    "object_repr": "Grób Potockiej",
    "action_flag": 2,
    "change_message": "[{\"changed\": {\"fields\": [\"Genres\"]}}]"
  }
},
{
  "model": "admin.logentry",
  "pk": 112,
  "fields": {
    "action_time": "2024-09-21T18:32:42.646Z",
    "user": [
      "rafael"
    ],
    "content_type": [
      "myapp",
      "book"
    ],
    "object_id": "13",
    "object_repr": "Dobranoc",
    "action_flag": 2,
    "change_message": "[{\"changed\": {\"fields\": [\"Genres\"]}}]"
  }
},
{
  "model": "admin.logentry",
  "pk": 113,
  "fields": {
    "action_time": "2024-09-21T18:32:46.267Z",
    "user": [
      "rafael"
    ],
    "content_type": [
      "myapp",
      "book"
    ],
    "object_id": "5",
    "object_repr": "Bajdary",
    "action_flag": 2,
    "change_message": "[{\"changed\": {\"fields\": [\"Genres\"]}}]"
  }
},
{
  "model": "admin.logentry",
  "pk": 114,
  "fields": {
    "action_time": "2024-09-21T18:32:49.612Z",
    "user": [
      "rafael"
    ],
    "content_type": [
      "myapp",
      "book"
    ],
    "object_id": "3",
    "object_repr": "Burza",
    "action_flag": 2,
    "change_message": "[{\"changed\": {\"fields\": [\"Genres\"]}}]"
  }
},
{
  "model": "admin.logentry",
  "pk": 115,
  "fields": {
    "action_time": "2024-10-14T16:59:24.122Z",
    "user": [
      "rafael"
    ],
    "content_type": [
      "auth",
      "user"
    ],
    "object_id": "18",
    "object_repr": "Nat",
    "action_flag": 3,
    "change_message": ""
  }
},
{
  "model": "admin.logentry",
  "pk": 116,
  "fields": {
    "action_time": "2024-10-14T16:59:24.122Z",
    "user": [
      "rafael"
    ],
    "content_type": [
      "auth",
      "user"
    ],
    "object_id": "19",
    "object_repr": "adas",
    "action_flag": 3,
    "change_message": ""
  }
},
{
  "model": "admin.logentry",
  "pk": 117,
  "fields": {
    "action_time": "2024-10-14T16:59:24.122Z",
    "user": [
      "rafael"
    ],
    "content_type": [
      "auth",
      "user"
    ],
    "object_id": "17",
    "object_repr": "adek",
    "action_flag": 3,
    "change_message": ""
  }
},
{
  "model": "admin.logentry",
  "pk": 118,
  "fields": {
    "action_time": "2024-10-14T16:59:24.122Z",
    "user": [
      "rafael"
    ],
    "content_type": [
      "auth",
      "user"
    ],
    "object_id": "16",
    "object_repr": "arnold",
    "action_flag": 3,
    "change_message": ""
  }
},
{
  "model": "admin.logentry",
  "pk": 119,
  "fields": {
    "action_time": "2024-10-14T16:59:24.122Z",
    "user": [
      "rafael"
    ],
    "content_type": [
      "auth",
      "user"
    ],
    "object_id": "2",
    "object_repr": "nacia",
    "action_flag": 3,
    "change_message": ""
  }
},
{
  "model": "admin.logentry",
  "pk": 120,
  "fields": {
    "action_time": "2024-10-14T16:59:24.122Z",
    "user": [
      "rafael"
    ],
    "content_type": [
      "auth",
      "user"
    ],
    "object_id": "15",
    "object_repr": "rafraf",
    "action_flag": 3,
    "change_message": ""
  }
},
{
  "model": "myapp.userprofile",
  "pk": 2,
  "fields": {
    "user": [
      "adminek"
    ]
  }
},
{
  "model": "myapp.userprofile",
  "pk": 3,
  "fields": {
    "user": [
      "rafael"
    ]
  }
},
{
  "model": "myapp.order",
  "pk": 16,
  "fields": {
    "user": [
      "rafael"
    ],
    "status": "cancelled"
  }
},
{
  "model": "myapp.order",
  "pk": 34,
  "fields": {
    "user": [
      "adminek"
    ],
    "status": "cancelled"
  }
},
{
  "model": "myapp.order",
  "pk": 35,
  "fields": {
    "user": [
      "rafael"
    ],
    "status": "cancelled"
  }
},
{
  "model": "myapp.order",
  "pk": 36,
  "fields": {
    "user": [
      "adminek"
    ],
    "status": "completed"
  }
},
{
  "model": "myapp.order",
  "pk": 37,
  "fields": {
    "user": [
      "adminek"
    ],
    "status": "cancelled"
  }
},
{
  "model": "myapp.order",
  "pk": 38,
  "fields": {
    "user": [
      "adminek"
    ],
    "status": "completed"
  }
},
{
  "model": "myapp.order",
  "pk": 39,
  "fields": {
    "user": [
      "adminek"
    ],
    "status": "cancelled"
  }
},
{
  "model": "myapp.order",
  "pk": 40,
  "fields": {
    "user": [
      "adminek"
    ],
    "status": "completed"
  }
},
{
  "model": "myapp.order",
  "pk": 41,
  "fields": {
    "user": [
      "adminek"
    ],
    "status": "cancelled"
  }
},
{
  "model": "myapp.order",
  "pk": 42,
  "fields": {
    "user": [
      "adminek"
    ],
    "status": "completed"
  }
},
{
  "model": "myapp.order",
  "pk": 43,
  "fields": {
    "user": [
      "adminek"
    ],
    "status": "completed"
  }
}
]
